sentence1,sentence2,label,preds,truth
bicycles stationed while a group of people socialize .,People get together near a stand of bicycles .,entailment,1,1
Man in overalls with two horses .,a man in overalls with two horses,entailment,1,1
Man observes a wavelength given off by an electronic device .,The man is examining what wavelength is given off by the device .,entailment,1,1
Two men are listening to music through headphones .,Two men listen to music .,entailment,1,1
A group of numbered participants walk down the street together .,Participants wait for the beginning of the walkathon .,neutral,2,2
A man wearing glasses is vacuuming an architects model .,There is a man vaucuming,entailment,1,1
A little boy watches a Ferris Wheel in motion .,A boy is waiting in line for the Ferris Wheel .,neutral,2,2
A man in a dark floral shirt and black jeans walks buy a brightly colored wall painted with a woman with bright green eyes .,A man walks past a newly painted mural of a woman .,entailment,1,1
Two men help an injured player on the field .,Some men help an injured player on the field .,entailment,1,1
A woman in a light blue jacket is riding a bike .,A woman in a jacket riding a bike to work .,neutral,2,2
A red jeep hangs from the edge of a rocky cliff as a girl looks on .,The vehicle is red .,entailment,1,1
"Two kids on a boat , one with a paddle , and the other on the edge wearing a life vest .",A kid is wearing a life vest .,entailment,1,1
"A woman is sitting in a street market stand where there are various items for sale , such as fish .",The woman is in a street market .,entailment,1,1
A group of people are sitting under umbrellas on the beach .,It is a saturday,neutral,2,2
A boy riding on a carnival ride turns around for a photograph .,A human riding,entailment,1,1
man grilling fish on barbecue,The man likes to eat fish .,neutral,2,2
"A lone , 2-3 year old blond child in a blue jacket is putting a small black plastic item in his mouth as he kneels on a waiting room couch pointed toward the back while looking at something or someone not in the room .",The couch is pointed toward the front .,contradiction,0,0
A chef speaks into a microphone about a mixed salad contained in a bowl with a decorative lid .,a chef speaks into a microphone near a bowl,entailment,1,1
Many people are smiling as they gather in a room .,People are indoors .,entailment,1,1
"Three cheerful ladies sitting at a table doing a yarn work in a room , at the background are similar groups of ladies doing similar work .",The ladies are discussing what they are going to do tonight .,neutral,2,2
"A firefighter , in full uniform , looks off into the distance .",The firefighter is going to put out a fire .,neutral,2,2
A man and women walk atop a hill .,The man and woman are sitting .,contradiction,0,0
A small dog wearing a denim miniskirt .,A dog is having all its hair shaved off .,contradiction,0,0
Golfer celebrates after a shot he has made .,A man is washing his hair .,contradiction,0,0
Several young African Americans giving an outdoor dance performance,A woman drinks poison .,contradiction,0,0
"Six men , all wearing identifying number plaques , are participating in an outdoor race .",a number of guys wearing numbers race outside,entailment,1,1
A man in a business suit crosses the street .,A man is wearing a white robe around his house .,contradiction,0,0
A boy in sandals is looking at a camera in a busy street .,A boy is looking at electronics near a road,entailment,1,1
People standing around a busy outdoor market .,People are outside .,entailment,1,1
"A woman seated indoors wearing glasses , an orange shirt , jeans and sandals is eating from a container in her hand .",A woman waits for her husband to come home for dinner .,neutral,2,2
A woman in a long-sleeved shirt checks her phone as a man in a leather jacket passes behind her .,The man is passing by on his way to the store .,neutral,2,2
A group of Japanese women wearing matching outfits walking across a crosswalk while passersby stare .,Women are wearing matching outfits .,entailment,1,1
A person in a red hat with a huge backpack going hiking .,The person is in a hat has a big bag while walking on a tough terrain .,neutral,2,2
Various people shop at a street clothing sale .,Various cats shop at a street clothing sale .,contradiction,0,0
"A small dog runs after a red ball , though a leafy outdoor area .",a dog runs around outside .,entailment,1,1
"An Asian man in colorful robes holds a bell and leans toward a small table , with Buddhist or Hindu decorations on the table and the walls .",An Asian man in colorful light robes holds a bell .,entailment,1,1
A little boy in green is kicking a soccer ball and 6 boys in referee shirts are following him .,There are many children around .,entailment,1,1
A woman is sitting in a man 's lap in a brown armchair .,The woman and man are resting together in an armchair .,entailment,1,1
Two men are listening to music through headphones .,Two men play with yo-yos .,contradiction,0,0
A ceremony with one man speaking and another man adjusting the robes on other person whose faces is partially covered being held in a mosque with many observers .,Everyone is silent .,contradiction,0,0
This wildly dressed couple are walking past a poster .,The couple are normally dressed .,contradiction,0,0
"A man holds a baby , which is chewing on eyeglasses .",The baby is sucking on a pacifier,contradiction,0,0
two golden dogs are chewing a white cushion on a wooden patio .,"Two golden dogs chewing on a cushion , waiting for their master to come home .",neutral,2,2
"Two men , one kneeling and one squatting , are posing in front of a clear wall with shops in the background .",There are two men posing in front of a transparent wall that you can see shops behind .,entailment,1,1
A gentleman in a striped shirt gesturing with a stick-like object in his hand while passersby stare at him .,A gentleman in a striped shirt not gesturing,contradiction,0,0
Two children are sleeping while someone is fingering through a book of music .,The children are at a birthday party .,contradiction,0,0
One boy is driving a play tractor while the other boy jumps off the back of the play tractor .,There is only one boy present .,contradiction,0,0
Two girls talk at an ice skating rink .,Two girls are near the ice .,entailment,1,1
A boy in a baseball cap jumps over a flight of stairs .,A guy swimming in the pool .,contradiction,0,0
"Bald man in white and black shorts , punching man with black hair , and red , orange and blue shorts .",The men are fighting over a girl .,neutral,2,2
Two women in bathing suits climb rock piles by the ocean .,Women are trying to show off for their spouses .,neutral,2,2
A man does a jump trick on a bike .,The man is doing a bike trick .,entailment,1,1
A snowboarder leaps through the air against a dark background .,A man is eating icecream .,contradiction,0,0
A child dressed in blue jeans with rolled cuffs and a pink hoodie waits outdoors at the foot of the stairs with an axe .,A child waits by some stairs .,entailment,1,1
A nurse examines equipment in the operating room .,A nurse at work .,entailment,1,1
A snowboarder in a white coat in the air after a jump .,A snowboarder is in the air .,entailment,1,1
A man in an orange vest and hat is shoveling rocks while another man in a yellow and blue jacket looks on .,A person in a vest,entailment,1,1
A man and woman are sitting at a restaurant table holding hands .,a man and a woman are celebrating a birthday,neutral,2,2
"People sitting down , walking around and , taking pictures outside of a building .",The people are eating in a cafe .,contradiction,0,0
A skier is jumping in the air over a snowfield near a mountain range .,A skier performs a competitive technical jump during a competition .,neutral,2,2
Women standing at a podium with a crowd and building in the background .,woman stands at podium,entailment,1,1
An African American wearing a red backpack looks the photographer as he walks past a concrete wall covered in graffiti .,a person wears a backpack,entailment,1,1
Very large group of old people riding in boats down a river .,A bunch of older people enjoy tea time .,contradiction,0,0
Young man running towards a tennis court while another is waiting in the other side of the net .,A young man is running .,entailment,1,1
A waitress is serving customers at a restaurant .,The waitress is sitting in a chair ignoring the customers around her .,contradiction,0,0
Four guys with guns and army gear .,The four guys are playing hopscotch .,contradiction,0,0
An extremely wet woman is wading in front of a waterfall .,A woman is sitting in the desert with a flat tire .,contradiction,0,0
A black dog running through the forest .,A dog playing outside .,entailment,1,1
A man is doing a handstand in a park on a sunny day .,A sad man is doing a handstand in a park on a sunny day .,neutral,2,2
The boy wearing the blue hooded top is holding a baby goat in his arms .,A boy ran from a goat .,contradiction,0,0
A team of people on a bike race .,The people are riding bikes .,entailment,1,1
A person in gray snowboarding down a hill .,There is snow on the hill .,entailment,1,1
a group of four people conversing next to a bus,A woman mounts a motorcycle and starts the engine .,contradiction,0,0
This lady had a lot of freckles .,There is a woman .,entailment,1,1
A kid in a red and black coat is laying on his back in the snow with his arm in the air and a red sled is next to him .,The kid is on a sugar high .,contradiction,0,0
A man and a female doing some type of martial arts .,A master is training their pupil in tae kwon do .,neutral,2,2
A child slides down a colorful slide while another child watches,Two children chicken fight on the monkeybars .,contradiction,0,0
An old woman in a green and blue plaid shirt is standing on a crowded sidewalk smiling .,A woman watching a street performer play guitar .,neutral,2,2
Three women in festive dresses are dancing in a large city street while a large crowd is behind them holding up a banner .,Three women dance in front of a large crowd,entailment,1,1
A woman at a campground .,A tree eating a taco .,contradiction,0,0
A skier is jumping in the air over a snowfield near a mountain range .,A man drives a car to work .,contradiction,0,0
A group of people sit on benches at a park outside a building .,The people wait for the bus to come .,neutral,2,2
Two dogs play,The dogs are friends .,neutral,2,2
A live band on a lawn jamming out .,A live band on a lawn jamming out for the holiday crowd .,neutral,2,2
A woman prepares to strike a volleyball .,The woman is shooting a basket through the hoop .,contradiction,0,0
Man laying on a platform outside on some rocks .,Man lays on something .,entailment,1,1
Two boys standing on top of a diving platform and one captured midair .,Two boys standing on top of a spaceship,contradiction,0,0
A girl in a red and white uniform tagging out a girl in a black uniform and helmet during a competitive game of softball .,Two girls are playing softball .,entailment,1,1
Four people wearing street clothes work on the scalp of a woman in an improvised medical treatment .,Four people are working on a woman 's scalp .,entailment,1,1
A woman swinging a tennis racket on an outdoor court .,A woman is playing basketball at the park .,contradiction,0,0
Scientists sit in a laboratory in sterile clothing while looking at microscopes .,Scientists are investigating animal slides in a microscope,neutral,2,2
Two power walkers walking beside one another in a race .,Two people driving cars,contradiction,0,0
Two little kids laugh on a blue swing .,Two children are playing on the swings .,entailment,1,1
"Two women both in sandals , one in a green hat is tying the other woman 's dress strap .",Two men are getting dressed .,contradiction,0,0
"Two brown and white dogs , one jumping over a log while the one behind runs through the grass .",The dogs are laying on a blanket .,contradiction,0,0
A woman is holding a dog on a leash in front of a small pier .,The woman holds the leash to prevent the little dog chasing the cat,neutral,2,2
An older gentleman speaking at a podium .,The college dean giving the graduation speech,neutral,2,2
An elder bearded man having a rest in a dilapidated building .,An old bearded man is in an old building .,entailment,1,1
"A lone red , white , and black race car is being driven by a single driver on a racetrack .",car parked in the ground,contradiction,0,0
A man bakes in a kitchen while wearing gloves and a hat .,The man is baking a cake .,neutral,2,2
"An older man sitting on a bench , on the sidewalk , reading a book .",A young lady stands at a bus station .,contradiction,0,0
A man dressed all in white throws the first pitch at a baseball game .,A man pitches at a baseball game .,entailment,1,1
"Dozens of street performers in fuchsia , red , yellow and black outfits are dancing and singing along a city street .",A group of silent mummers were performing in the park .,contradiction,0,0
An Asian child sleeping in a grocery cart in a grocery store .,The child is not at home .,entailment,1,1
Trying very hard not to blend any of the yellow paint into the white .,Someone is baking a cake .,contradiction,0,0
"A woman in a blue shirt , white apron and yellow kerchief is placing an ingredient from a glass jar in to her dish .",A woman wearing an apron is preparing a meal .,entailment,1,1
Football players playing in mud .,Football players are playing chess .,contradiction,0,0
A small child outside in front of a large dirt pile .,The child is indoors .,contradiction,0,0
A group of numbered participants walk down the street together .,A man cooks chili .,contradiction,0,0
"Two hikers crossing a snowy field , with mountainous terrain behind them .",Two hikers are returning to base camp .,neutral,2,2
An african american woman with 2 young girls .,There is a mother with her daughters .,neutral,2,2
A man is singing on stage with his fingers in a stuffed bear 's nose .,A man on stage singing accompanied by a stuffed bear is a ventriloquist .,neutral,2,2
A woman in a green skirt and white tank top singing into a microphone .,A man sings .,contradiction,0,0
A young woman is singing into a microphone .,The woman is singing .,entailment,1,1
"Two basketball players in black and white outfits are standing on a basketball court , talking .",The two basketball players are conversating .,entailment,1,1
A man and woman dance together .,A man and woman dance .,entailment,1,1
A man in a striped shirt and lady in a black hat are watching a young band perform on stage .,A lady has a white hat .,contradiction,0,0
A young woman holding a newborn in her arms while still wearing her hospital bracelet laying on a hospital bed .,A young woman is holding a newborn .,entailment,1,1
A man inspects the uniform of a figure in some East Asian country .,Someone is wearing a uniform,entailment,1,1
"A smiling young girl with blond-hair , blue eyes , and a pink shirt , is holding a yellow flower towards the viewer outside .",A not smiling young girl with blond-hair,contradiction,0,0
Three women wearing belly dancing costumes are pictured in color while the background of the shot is in black and white .,three women wear belly dancing costumes,entailment,1,1
A woman stands at a podium with a slide show behind her .,A woman is standing at a podium .,entailment,1,1
Speakers in a room full of people sitting in chairs .,The speakers are playing propaganda messages while driving down a war torn street .,contradiction,0,0
Man working behind a watch repair booth on the street .,A man is painting the outside of a watch repair booth .,neutral,2,2
A woman sits in a chair under a tree and plays an acoustic guitar .,A woman is playing a country song on her guitar while her husband in the distance listens .,neutral,2,2
a man with a cigarette in hand is looking at a car in front of him .,Man looks at car .,entailment,1,1
Two people are walking down an isolated road .,Two humans are walking toward their house .,neutral,2,2
A woman in a yellow shirt seated at a table .,A person is waiting at a table .,entailment,1,1
A gentleman carrying the 2012 Olympic torch being follow by a car on a people lined street .,a man carries the 2012 olympic torch while being followed by a car,entailment,1,1
Two girls play with origami .,The girls make paper cranes,neutral,2,2
"A group of kids listening to their band instructor , and reading music off their papers .",There is a group of kids .,entailment,1,1
Three dogs drinking water at a public spigot .,Dogs drink from a public city supplied water supply .,entailment,1,1
"A white-haired man reclines in a seat pad on a boat 's deck , reading a book .","a man reclines in a seat on a boat , reading .",entailment,1,1
A street filled with people walking and riding bikes .,An empty street usually filled with people walking and riding bikes .,contradiction,0,0
A group of men with cowboy hats are watching a rodeo .,There is a rodeo event taking place,entailment,1,1
A shirtless man wearing a black hat and a scarf works on an anvil .,A man works with an anvil .,entailment,1,1
A woman with a beautiful dress and matching umbrella is walking down the street carrying a purse on her arm .,The woman is walking down the street .,entailment,1,1
A little child is looking towards someone while their head is in a painting designed like a bean .,A child looks at someone else .,entailment,1,1
A husky and a black cat nuzzling .,A dog and cat are friendly .,entailment,1,1
"Two men sitting on horses one wearing a cowboy hat , the other in a baseball cap , with a big tree behind them .",The men are practicing riding for a movie they are going to be in .,neutral,2,2
"A man and a woman seated at a table , having drinks and deep in conversation .",A couple are in divorce court .,contradiction,0,0
Two Asian women talking and having drinks at a small round table .,Two ladies are sitting at the bar .,contradiction,0,0
A goalie tries to catch a ball during a soccer game .,a goalie is doing his job as a goalie .,entailment,1,1
"Young boys playing indoor basketball , one team has black and white uniforms , the other has orange and white .",Several friends are playing a game of basketball .,neutral,2,2
Children and adults swim in large pool with red staircase .,Children and adults are standing outside of a gym .,contradiction,0,0
The baby in a blue jean hat and sunglasses looks at the camera while being held .,A baby looks at the camera .,entailment,1,1
A man wearing black clothing is standing at an empty table that has water glasses and papers strewn about .,The man is running for his life .,contradiction,0,0
A boy in red slides down an inflatable ride .,A boy is playing on an inflatable ride .,entailment,1,1
A group of constructions workers lifting a bathtub .,Tall humans working,neutral,2,2
Some young boys ride bikes in the street .,There are girls and boys,contradiction,0,0
The girl is paddling a rusty canoe in the water .,The child is paddling a rusty canoe in the river .,neutral,2,2
A young boy and girl playing baseball in a grassy field .,kids play baseball,entailment,1,1
Two dogs shaking themselves dry on the sand .,Two brown dogs shake themselves dry at the beach .,neutral,2,2
A girl in a child 's swimming pool .,A girl in a small swimming pool .,entailment,1,1
A male construction worker hammers a nail .,A construction worker drives into a nail .,entailment,1,1
A man in a hat is working with golden colored flowers .,"A man in a hat is working with flowers ,",entailment,1,1
"Here is a picture of a bald man with a beard and sunglasses , washing his hands at a spring or waterfall .",There is an elderly man standing outside near water .,entailment,1,1
A man riding a bicycle on pavement with graffiti .,A man is outside,entailment,1,1
A large man in white dances in the middle of a crowd holding a beverage in his hand .,Two girls crowd surf at a rave .,contradiction,0,0
A man is reading a newspaper in a car dealership .,A man is reading a magazine at the hospital .,contradiction,0,0
A man smoking a cigarette is working outside .,A man smokes a cigarette outdoors .,entailment,1,1
"As a referee looks on , a Los Angeles baseball player is falling over the top of a rival player who is just sliding into base .",The people are playing basketball .,contradiction,0,0
A snowboarder in green pants boards down a snowy mountain .,A snowboard rides down the mountain .,entailment,1,1
One little toddler wearing blue pajamas and a little girl wearing red pajamas opening presents on christmas day .,Two small children are unhappy with the opening of their presents .,neutral,2,2
People are walking into a store .,The store is having a grand opening .,neutral,2,2
A little girl in brown is playing with two hula-hoops .,The girl has several toys .,entailment,1,1
"A young girl with blue and pink ribbons in her braids , without a top and a woman with a white t-shirt and a zebra skirt wading in a public water fountain .",A young girl knits a sweater,contradiction,0,0
The boy wearing the blue hooded top is holding a baby goat in his arms .,A boy is holding an animal .,entailment,1,1
Women standing at a podium with a crowd and building in the background .,woman makes a speech,neutral,2,2
A dog runs along the ocean surf .,A cat is running in the waves .,contradiction,0,0
A young girl in a pretty pink and white blouse and shorts is participating in a soccer game with other children .,Kids are playing a soccer game .,entailment,1,1
A person is standing on top of a snow covered mountain .,A person stands on a beach in Hawaii,contradiction,0,0
A balding man wearing a brown jacket with his hands crossed and his head tilted down .,A man wearing a brown jacket with his hands crossed and his head tilted down .,entailment,1,1
A man and a woman hug on a grassy hillside overlooking the countryside in the distance .,The man and woman are at a skating rink .,contradiction,0,0
Two women are riding motorized bicycles through a street .,Women are riding motorized bikes .,entailment,1,1
A street scene of people on scooters .,There are multiple people present .,entailment,1,1
Older man with white hair and a red cap painting the golden gate bridge on the shore with the golden gate bridge in the distance .,A person with a cap,entailment,1,1
A man stands on the sidewalk near a lamp post as well as a pillar forming part of an edifice .,The man is on a ship .,contradiction,0,0
Man and a woman walking on the street,There are at least two people in the picture .,entailment,1,1
Two backpackers look at scenic mountains .,Two guys are carrying things on their back .,entailment,1,1
A black and white dog prepares to catch a Frisbee .,A black and white cat prepares to catch a Frisbee .,contradiction,0,0
"Two older men speak into microphones on a stage , while a projector screen displays a vintage photo of a young man behind them .",Two men are sitting handcuffed in a police station .,contradiction,0,0
A man in a black shirt sits next to an old woman in a pink shirt on a train .,A man is sitting on the train talking to a woman .,entailment,1,1
A race dog numbered six is midair .,A cat is numbered six,contradiction,0,0
"A woman walking a dog on a leash at the beach , trailing behind as a pug follows another unseen woman .",two dogs play off leash,contradiction,0,0
A woman wearing sunglasses holds two newspapers .,A woman wearing sunglasses holds two newspapers as she leaves the minimart and heads home .,neutral,2,2
"There is one person lying in a large , green field .",There is someone running through a forest .,contradiction,0,0
3 women and 2 men waiting by a wall in the park talking,The people were waiting by the wall .,entailment,1,1
An older woman on the computer,Woman learning to use her personal computer .,neutral,2,2
A man in a red hat and blue jacket in a protest is holding up a tablet that talks about God and judgement .,The man is holding something up .,entailment,1,1
Military troops are gathered together and some are using tongs to turn over a variety of food on grill racks over coals .,A boy is walking around,contradiction,0,0
A man and woman look like they are having their picture taken in front of a famous building in France .,A man and woman look like they are running .,contradiction,0,0
A man in a white shirt is sitting on a crate .,There is a white shirt .,entailment,1,1
A woman smiling while on a bicycle .,A woman is smiling on her bicycle as cars drive past her .,neutral,2,2
A man in a business suit crosses the street .,A man is walking to a job interview .,neutral,2,2
"Nine women in blue and purple dresses and one man wearing a purple shirt and black pants , clap while a man dressed in black dances .",There are people clapping .,entailment,1,1
A man and woman dance together .,A man and woman dance together to their favorite song .,neutral,2,2
Ski equipment sits alone on a snowy mountain,Some skis are sitting in the snow .,entailment,1,1
A woman in a green blouse and black skirt sitting on a bench in front of an elephant model .,The woman is wading into the water .,contradiction,0,0
A man wearing a suit with a name tag stands reading in front of a microphone as a screen behind him displays a presentation .,A man with a microphone is standing in front of a screen .,entailment,1,1
Man in while shirt and blue jeans holding hands while walking with a little girl in a blue dress and yellow hat .,A man and girl walking together,entailment,1,1
A group at an outdoor party includes a man wearing camouflage pants with neon orange boots and suspenders .,The group at the party is outside .,entailment,1,1
A little blond boy throwing a soapy sponge at his moms car .,A small boy throws a sponge at a car .,entailment,1,1
A senior is waiting at the window of a restaurant that serves sandwiches .,A man is looking to order a grilled cheese sandwich .,neutral,2,2
Three motor-cross bike racers in a competition .,Three people are racing bikes .,entailment,1,1
"Several people prepare their stalls that consist of fish , vegetables and fruits for the public eye .",two men sit in a truck,contradiction,0,0
"A man in a green , black , and white spandex sports uniform is riding a bike .",A guy is n't afraid to fall down and spoiled his bright uniform .,contradiction,0,0
A girl is throwing a football on the beach .,A girl is on the beach with friends .,neutral,2,2
There is a street with buildings and one man in black walking on the side of the road .,The buildings are corporate offices .,neutral,2,2
A small child in a coat looks out over the lake of a park in the fall .,A child is looking at the lake .,entailment,1,1
two people playing baseball one running and one throwing a ball .,Two guys playing cards .,contradiction,0,0
"This crib contains a baby , stuffed animals , a box of matches , a cordless drill , a paperback novel , and a blanket .",The baby 's older sibling is very mischevious .,neutral,2,2
A man plays mini-gold on the SportsCenter set while two others observe .,Two goldfish are riding bikes in a giant pile of mashed potatoes .,contradiction,0,0
Man in brown and red checkered button up shirt and blue jeans makes a male and female laugh .,A flight attendant is demonstrating airplane safety but no one is paying attention .,contradiction,0,0
Two young women are standing in the middle of a flower garden with their arms wide open .,Two women are having lunch in a cafeteria .,contradiction,0,0
young female in striped shirt holding baby boy with red striped outfit,Young woman holding baby boy .,entailment,1,1
A maintenance worker walking past a statue .,man driving his car past a statue,contradiction,0,0
A male bartender dressed in all black with his sleeves rolled up to elbow height making a drink in a martini glass .,A tall person in black,neutral,2,2
Children and adults swim in large pool with red staircase .,Children are trying to learn how to swim with their parents in a large pool with a red staircase .,neutral,2,2
A boy is posing next to his scooter .,A boy is next to a scooter .,entailment,1,1
Two black and white dogs looking at a black and white kitten who is sitting on top of a tank with hoses on it .,Some funny animals,neutral,2,2
A group of people are taking a fun train ride .,People ride the train .,entailment,1,1
An older man is walking in a large grassy area with a small plane in the background about to land .,The person is sipping hot chocolate inside a skating rink .,contradiction,0,0
"People mingling in the foreground and background , two of them are walking towards those in the background that are positioned nearby of a building that is overshadowed by a large number of trees , while the two in the foreground are tending to a horse drawn carriage .",Some Amish people are fixing their carriage while other people walk or stand nearby .,neutral,2,2
A female sings and plays into a microphone and a male in green striped shorts plays a hand drum,a woman plays the piano,contradiction,0,0
Two blond people are sitting in a park having a conversation .,Two brunettes are sitting in a park .,contradiction,0,0
Two kids standing beside a snowman .,Two children lie by a pool in summer .,contradiction,0,0
Children are playing a game outside .,Children are not a game,contradiction,0,0
"A caucasian woman in a blue top and black slacks looks off to the side of the camera with a drink in one hand and a amused look upon her face , while a man sits next to her , looking unamused , drink in one hand , straw in the other .",A man and woman are having drinks in a bar .,neutral,2,2
"A blond woman wearing a blue and pink floral tie-front bikini on a beach , readying to put a flagpole in the sand .",A person in a bikini,entailment,1,1
An elderly woman wearing sunglasses stands and looks at something .,Elderly woman peers at an object .,entailment,1,1
"Person with a black helmet and vest , with a white undershirt , riding on a motorcycle on the street .",A man drives his car to the fair .,contradiction,0,0
"A young girl with a white vest , pink sleeves and pink knit hat with flower is looking at the flower blossoms on a tree .",The girl is dressed up for a party .,neutral,2,2
"A young woman seated at a table on what appears to be a backyard deck holds a toddler , giving him a toy or bottle of some sort , while smiling into the camera .",The woman is changing the boy 's diaper .,contradiction,0,0
"Two Asian children , a boy and a girl , the girl looking squarely at the camera and the boy making a face .",the children are taking model pictures,neutral,2,2
A woman runs along a rocky shore .,A woman is being chased near the river .,neutral,2,2
A group of men are searching for something .,A group of men are using flashlights to find something .,neutral,2,2
A man is playing with a baby on a deck .,A man plays with his son .,neutral,2,2
A group of people plays a game on the floor of a living room while a TV plays in the background .,A group of people are sitting on the floor .,entailment,1,1
A man speaking to a woman with a stroller in a room with several dinners .,a man speaks to a woman,entailment,1,1
An old woman is haggling over goods at the local market .,woman giving away stuff on the road,contradiction,0,0
"A group of people , men , women and children gathered around a table stacked with merchandise .",People are sticking their hands out at the fire pit .,contradiction,0,0
The man with the bag is standing on the corner .,The man with the bag is standing on the corner waiting for his wife,neutral,2,2
A man and woman in a dark room with lights behind them holding drinks while a bright green light shines in their faces .,A man and woman are married,neutral,2,2
A person in shorts is holding a Frisbee while team member in red shirts and spectators look on .,there is a quiet nature scene with no people,contradiction,0,0
girl sitting in fire for a show,The girl is an employee of the circus .,neutral,2,2
Two Asian women talking and having drinks at a small round table .,Two ladies are sitting together at the table .,entailment,1,1
A man wearing black pants and jacket is on a blue scooter next to a crowd of people and a green tent .,The crowd is cheering for the man .,neutral,2,2
An older man looks over a younger man wielding an ax chopping wood in a fall setting .,Men are outdoors .,entailment,1,1
A group of people walk up a ramp on a cloudy day .,The people are walking up the ramp to a store .,neutral,2,2
A band of young musicians are playing an intimate concert to a small crowd in an outdoor courtyard .,the band is at home sleeping,contradiction,0,0
An older perhaps Asian man who is wearing a sleeveless shirt with quite a few people in the background .,A tall human wearing,neutral,2,2
Two backpackers look at scenic mountains .,Two guys are backpacking on Mars .,contradiction,0,0
Here we have a guy using a pressure washer on the sidewalk .,The man is pressure washing his house .,contradiction,0,0
Two girls are on a street sidewalk and one is sitting .,girls are on the sidewalk,entailment,1,1
Two men in yellow jackets and black pants have medals .,The men are very brave .,neutral,2,2
A crowd of people in colorful dresses .,All of the people in the photo are women .,neutral,2,2
"Two competitors in the last leg of a race , strong legs , long strides to the end .",Races can be long and tiring .,entailment,1,1
A man in a blue shirt and red hat is looking at a torch .,A naked man is sitting with his eyes closed .,contradiction,0,0
A girl jumping rope on a sidewalk near a parking garage .,The girl is jumping rope just for exercise .,neutral,2,2
Two women in bathing suit on large rocks at the ocean .,two women are outside,entailment,1,1
A woman in a brown shirt and a man in a hat cross the street .,A man and woman are late for their dinner reservation .,neutral,2,2
A white male with blond-hair is drinking beer .,A human drinking,entailment,1,1
"Three elephants , each carrying a group of people , walking through the water .",The elephants are part of a jungle tour .,neutral,2,2
A girl in a red top is holding slips of paper .,A girl is wearing a red top .,entailment,1,1
A large man dressed in black on a street corner by a red brick building .,A man is waiting for the boss on the street corner .,neutral,2,2
a woman holding a child in a purple shirt,the woman is asleep at home,contradiction,0,0
The room full of youths reacts emotionally as they spectate .,people geting emotional watching something .,entailment,1,1
Man standing on a tricycle riding in front of a crowd .,A man is on a bike .,entailment,1,1
Closeup of an elderly woman walking across a street with her male companion .,A man helps a woman cross the street .,neutral,2,2
Two kids are standing in the ocean hugging each other .,Two kids are outdoors .,entailment,1,1
A girl and a guy biking down a long strip of road with people jogging in the distance .,A woman jogs by herself on the beach .,contradiction,0,0
A crowd on a city street watches a man flipping in the air .,The man is doing tricks .,entailment,1,1
A woman wearing a brown jacket and brown pants is walking her two dogs along the beach as they follow another person .,A person walks two animals along the beach .,entailment,1,1
An elderly man is looking through his glasses while working with hot metal .,girl sleeps,contradiction,0,0
A man in a bicycle is passing through a house with blue doors .,A man is biking to work .,neutral,2,2
A man with a striped shirt looks at a load of green and yellow vegetables on the back of a truck .,A man selling vegetables from the back of a truck .,neutral,2,2
A young man with blond dreadlocks sits on a wall reading a newspaper as a woman and a young girl pass by .,The young man is reading the newspaper sports section with a mom and daughter walks to the movie theater .,neutral,2,2
A dancer in costumer performs on stage while a man watches .,the man is captivated,neutral,2,2
A boy wearing a yellow jersey is accepting the baton from a female wearing a yellow jersey in a relay race .,A boy accepting a baton in a race .,entailment,1,1
A child in shorts throws a snowball at a mountain .,The kid is playing outside,entailment,1,1
A person floating on a river near a metropolitan area .,A dog floating on a river near a metropolitan area .,contradiction,0,0
There are two shadowy men standing along side a stream that runs through a paved courtyard in front of some stairs .,Two men were outside a building .,entailment,1,1
"Man on bike , with bike clothing and helmet on , having trouble maneuvering through sand from beach .",The man is riding a bike in sand .,entailment,1,1
"Two men on a basketball court one in white and red the other in blue , the player in white is throwing the ball in while teammates look on .",The men are playing basketball .,entailment,1,1
A woman in a blue and black jacket looking at a sign by railroad tracks .,a woman is wearing clothes,entailment,1,1
A man in a white shirt is sitting on a crate .,The man is old .,neutral,2,2
A line of rollerbladers crouch down aerodynamically,A group of rollerbladers are performing a trick for the crowd .,neutral,2,2
A cyclist rides down a rocky mountain .,The mountain is on Mars .,contradiction,0,0
Two asian men in a wood shop .,There are two asian men in that wood shop .,entailment,1,1
View of a soccer ball being kicked into a goal net,A soccer ball is going into the net .,entailment,1,1
A cyclists rides up a hill amid cheering bystanders .,The cyclist is in a bicycle race .,neutral,2,2
A group of people prepare hot air balloons for takeoff .,A group of people are outside .,entailment,1,1
Elderly man painting a picture with a small paintbrush .,An elderly artist is painting his latest masterpiece .,neutral,2,2
A boy toddler play outside on a clothes rack full of tied dye shirts .,A toddler is enjoying the sunny weather .,neutral,2,2
Horses jumping a hurdle in a race .,Horses are jumping over a hurdle in the last race of the day .,neutral,2,2
An old man wearing a hat is working on a project .,An old man is jogging along the street .,contradiction,0,0
A volleyball player hitting a ball on the beach .,A volleyball player is hitting a ball .,entailment,1,1
A young girl jumps high with the help of her bungie harness device and a safety spotter .,"A child jumps high , assisted by a spotter and a harness .",entailment,1,1
Two women on the dance floor with other people dancing .,Two women are dancing on the dance floor .,entailment,1,1
Black dog with tan markings wearing a blue collar standing on green grass .,There is a dog standing in the park .,neutral,2,2
Female sitting in a chair in front of a hazy field .,A woman runs though a field .,contradiction,0,0
"A group of dancers with green shirts are all holding hands in a circle , one lady has a white shirt .",A group of dancers is about to dance for a school competition,neutral,2,2
"At a little league baseball game , an umpire calls `` safe '' as a player crosses home .",A player is winning a baseball game .,neutral,2,2
People crowded around toys on a table .,People are in the middle of the Christmas rush .,neutral,2,2
The exhaustion in the woman 's face while she continues to ride her bicycle in the competition .,A tall person on a bike,neutral,2,2
Two boys are swimming underwater in a pool and a girl is swimming in the background .,They are diving for coins on the bottom of the pool,neutral,2,2
A man with a shopping cart is studying the shelves in a supermarket aisle .,A man is watching a movie in a theater .,contradiction,0,0
Three men handling a net on the seashore .,Group of men knitting gloves .,contradiction,0,0
"A West Virginia university women 's basketball team , officials , and a small gathering of fans are in a West Virginia arena .",women are playing a big 12 conference game,neutral,2,2
Three people are outside walking up a set of wooden stairs .,Three people are walking outside .,entailment,1,1
"A man is signing a guitar , whose owner is smiling and has a hat with lights attached to it .",Two people are next to a guitar .,entailment,1,1
Trying very hard not to blend any of the yellow paint into the white .,Someone is painting a house .,neutral,2,2
An older couple is resting on a bench .,Two people are sitting next to each other .,entailment,1,1
A biker wearing a white t-shirt is jumping over dirt hills .,A biker climbs a tree in a shirt .,contradiction,0,0
A black dog runs with a deflated ball and a tiny tire .,A cat eats tuna .,contradiction,0,0
Several children are standing in a house looking out the window .,some siblings are indoors while it rains,neutral,2,2
Two young women are crossing a street just after a yellow school bus has passed by .,Two women coming home after school .,neutral,2,2
A man jumps in front of a palace in China .,The street is crowded .,neutral,2,2
A person in gray snowboarding down a hill .,The snowboarder is a man .,neutral,2,2
"A young man , without apparent protective gear , is on a bicycle jumping over small hills of sand or gravel , with a long bridge and tall buildings in the background .",A young man is swimming in the ocean .,contradiction,0,0
A woman in a red shirt and blue jeans is walking outside while a man in a khaki jacket is right behind her .,A man in an army jacket is following a woman in a pink dress .,contradiction,0,0
A man biting a candle while a woman holds a cake .,Jeffs 30th birthday is not going well .,neutral,2,2
A bronze-skinned woman walks a pedestrian path in a form fitting dress .,A woman walks a pedestrian path .,entailment,1,1
An older man in an apron cleaning .,A man cleans .,entailment,1,1
A poor family is leaving their home with only a few belongings .,A man eats a chalupa .,contradiction,0,0
Two guys dressed for hockey and are raising there arms in the air .,Men are cheering for their hockey team .,neutral,2,2
A woman holding a red cup with a straw in it sits in front of a man and a woman looking at a book .,Cabbage makes a lovely cumberbund .,contradiction,0,0
A little girl in a purple cap blows soap bubbles .,There are soap bubbles being blown .,entailment,1,1
A large busted woman in a yellow shirt has a pink shoulder bag on her shoulder .,A young woman with a giant rack is carrying a bag around a shopping mall .,neutral,2,2
A little baby is sitting on the ground with his hands in a cup .,The baby is sitting on the ground .,entailment,1,1
Adults with their kids are riding on a small red train .,Some adults without children are on the bus .,contradiction,0,0
a lone motorcyclist jumping through the air in front of a large crowd .,The man is wearing a helmet .,neutral,2,2
A man in a red shirt is giving toys to a small dog .,There is a man and his dog at the park .,neutral,2,2
A silhouette at the bottom of an escalator .,The silhoutte is creeping out the children .,neutral,2,2
A woman observes a rusted antique car .,A woman looks at an old car .,entailment,1,1
An Asian man attempting to repair a green bicycle outdoors while two other Asian men stand by .,The man is fixing the bike for his son .,neutral,2,2
A bearded man wearing a blue shirt is playing an acoustic guitar .,The man is playing the drums,contradiction,0,0
A man in a suit and tie and a woman with luggage join others in waiting in the London Underground .,A couple are travelling to see friends in London .,neutral,2,2
"A black dog is drinking next to a brown and white dog that is looking at an orange ball in the lake , whilst a horse and rider passes behind .",Two short haired dogs of different colors drinking by a lake .,neutral,2,2
A man and a girl sit inside a floating tube in the water .,The water is clear blue .,neutral,2,2
three children are locked in a cage .,Three children are trapped together .,entailment,1,1
An asian woman sitting outside an outdoor market stall .,A woman sits outdoors .,entailment,1,1
A young girl is swimming in a pool .,The girl is practicing for a swim meet .,neutral,2,2
Old woman chasing away two lambs with a broom .,A woman is chasing two turtles with a mop .,contradiction,0,0
A couple is married in a church as guests look on .,People are getting married .,entailment,1,1
A band performing on the corner of the street .,The band is performing outdoors .,entailment,1,1
The middle eastern woman wearing the pink headscarf is walking beside a woman in a purple headscarf .,These two women are friends .,neutral,2,2
A man with an open shirt and glasses holding a microphone and another man in a bowler hat and plaid suit using a bow on an instrument .,The singer and musician are in the bathroom .,contradiction,0,0
A little girl at a museum .,A person at a museum looking at dinosaurs .,neutral,2,2
Young players engage in the sport of Water polo while others watch .,Kids are enjoying a game of water polo .,entailment,1,1
Two little girls ride an inflatable dinghy down a purple water slide .,Sisters squeal in delight as the go down the slide .,neutral,2,2
The elderly bus driver opening the door for a passenger who needs to get off .,The bus driver is fast asleep behind the wheel .,contradiction,0,0
Black greyhound dog racing down a track .,The dog is asleep in the park .,contradiction,0,0
A girl in green looks at the camera and stands in front of a huge crowd of indescript faces .,A boy looks at a camera,contradiction,0,0
A young boy in a striped shirt is leaning against a tree while another child sits at a picnic table .,A young boy is leaning against a tree outside .,entailment,1,1
A man skateboarding at a skateboarding park which is covered in graffiti .,A man is rollerblading .,contradiction,0,0
A woman in a blue jacket is drinking tea from a cup .,A woman wearing a blue jacket is drinking tea .,entailment,1,1
A inside view of an apartment showing 2 couches and a coffee table .,A man is feeding some birds some bread .,contradiction,0,0
"On the sidewalk , near the store 's entrance , a local entertains all , by playing the accordion .",He is hoping for tips .,neutral,2,2
The lady carrying the big bag is walking under the trees in bloom .,A lady is carrying a big bag .,entailment,1,1
A man is sitting in a chair and looking at something that he is holding .,A man is sitting in a chair pondering life .,neutral,2,2
Two men kayaking on the ocean near the shore while they fish .,Two women are on surfboards far from shore .,contradiction,0,0
A man is playing with a baby on a deck .,A man plays with a dog .,contradiction,0,0
A person in red playing football on the beach .,There is someone playing on a beach .,entailment,1,1
"A girl dressed in a pink shirt , jeans , and flip-flops sitting down playing with a lollipop machine .",A funny person in a shirt,neutral,2,2
A clown making a balloon animal for a pretty lady .,A clown showing off for a lady he has a crush on .,neutral,2,2
A bridal party assembles outside a stone building .,A farmer takes a cow through a wooden gate .,contradiction,0,0
A boy walking away from two Camden tents with a group of people behind him .,A person leaving a tent with his friends,neutral,2,2
"An outside wedding ceremony for an asian couple under an umbrella , shielded from the blaring sun .",Asian people getting married by the beach .,neutral,2,2
A person in a red hat with a huge backpack going hiking .,The guy in red is at home unpacking .,contradiction,0,0
Man brushes image in the sand .,A human on the sand .,entailment,1,1
Three dogs racing on racetrack,Three animals move on the ground .,entailment,1,1
A man wearing a baseball hate is checking his phone,The man is texting his friends .,neutral,2,2
A little girl with brown hair is blowing the petals off of a flower .,A little girl is sleep .,contradiction,0,0
A little boy is standing alone in a wooded park .,A boy is waiting for his sister .,neutral,2,2
A man in blue clothing carries a yellow bucket while walking in the water near a pelican .,A man with a pail is in the water near a bird .,entailment,1,1
A man and woman sit at a cluttered table .,The people are a couple .,neutral,2,2
"An older man sitting on a bench , on the sidewalk , reading a book .",An old guy sits on a bench by a cracked sidewalk reading a red book .,neutral,2,2
A man wearing lime green pants and shirt working on a sign .,A man wearing pants and shirt working on a sign .,entailment,1,1
A black and brown dog attempts to catch a red ball in its mouth .,An animal is playing with a ball .,entailment,1,1
"A small baby , possibly a newborn is being bathed by a person in blue scrubs wearing protective gloves .",The person bathing the small baby is the mother .,neutral,2,2
Three children run on a sidewalk with a river on one side and a wall on the other .,Three children are swimming next to the sidewalk .,contradiction,0,0
"A snowboarder is grinding on a rail in a snowy , mountainous area .",The snowboarder is sitting in the lodge .,contradiction,0,0
Women and children sitting outside in the shade while a group of younger children sitting inside in the shade .,The woman is running .,contradiction,0,0
Two men are shopping for orange juice .,two men are at the store,entailment,1,1
A crowd of people in colorful dresses .,The dresses vary in color in this photo .,entailment,1,1
"Two men sleeping on a park bench , slumped over each other .",Two women are sleeping .,contradiction,0,0
A white dog with long hair jumps to catch a red and green toy .,A white dog with long hair is swimming underwater .,contradiction,0,0
"A woman wearing gray pants , a white blouse and a black vest is jumping with one hand in the air as she goes through an indoor stadium .",The female stadium worker jumps for joy as she leaves her long tiring shift .,neutral,2,2
Two girls are in line about to order at a Mexican eatery .,Two sad girls are in line about to order at a Mexican eatery .,neutral,2,2
Tractor doing construction work .,A tractor is parked doing nothing .,contradiction,0,0
Four female athletes play beach volleyball at the London 2012 Olympics .,They are going to win it this year !,neutral,2,2
"Two men dressed in identical white jackets with green numbers and logo are studying something on a cellphone with great interest , while other men , identically dressed and standing in a group with these two , are interested in something to their right .","Three men in matching jackets are standing together , one looking at a nearby person , the other two looking at a phone .",neutral,2,2
"A girl all in black and white , and carrying an umbrella , walks down the street , as others watch .",A girl out in the middle of a public area .,entailment,1,1
People are gathered around the table filled with food .,A family rides a roller coaster .,contradiction,0,0
Four people are in the process of creating colorful lanterns in their lantern shop .,The people are baking a cake .,contradiction,0,0
Two young girls looking at Barbie dolls .,A girl and a boy are running with toys .,contradiction,0,0
A skater performs a stunt off a cement wall covered in graffiti .,"The city youth enjoying his skateboard , executing from the wall he painted .",neutral,2,2
A group of people gather on a outdoor patio .,People are outside .,entailment,1,1
A man and child working on a puzzle .,An adult and a kid are engaged in an activity .,entailment,1,1
People laying in massage chairs,People enjoy the demo of the stores new massage chairs .,neutral,2,2
Two men pull a fishing net up into their red boat .,Two men are fishing .,entailment,1,1
Two young girls looking at Barbie dolls .,Two girls are watching dolls .,entailment,1,1
The young girl cools off by sliding on the water slide .,No one is sliding down a water slide .,contradiction,0,0
Two teen girls relax on a black futon .,Two young girls are running outside .,contradiction,0,0
Here is a picture of a woman and her husband in their car smiling and waving .,Here is a picture of a woman and her husband ',entailment,1,1
The young girl cools off by sliding on the water slide .,The girl goes down a water slide .,entailment,1,1
A person in red playing football on the beach .,There is someone surfing at the beach .,contradiction,0,0
A young man in khaki shorts and a yellow shirt stands outside in the sidewalk and waves a Brazilian flag .,The young man is brazilian .,neutral,2,2
A little blond girl is wrapped up in a Care Bears blanket with Christmas paper behind her .,A little blonde girl has a blanket around her .,entailment,1,1
A customer places his order at Quiznos while another customer looks on .,The second person in line is nosy .,neutral,2,2
"A black man , wearing a cap , is sitting in a bus .",A man is traveling on public transportation .,entailment,1,1
Sidewalk flower cart vendor .,Tulip vendor by the curb .,neutral,2,2
A man selling donuts to a customer during a world exhibition event held in the city of Angeles,A woman drinks her coffee in a small cafe .,contradiction,0,0
An old woman in a green and blue plaid shirt is standing on a crowded sidewalk smiling .,A woman in a plaid shirt smiling on a crowded sidewalk,entailment,1,1
A young man wearing a gray shirt standing outside a wooden structure smiling and making a fist with his right hand .,A young man is standing outside a wooden structure because he wants to .,neutral,2,2
A group of rollerskaters skate on a patch of cement with palm trees in the background .,A group of people are rollerskating .,entailment,1,1
A child in shorts throws a snowball at a mountain .,A boy is playing in the snow without gloves,neutral,2,2
A man carrying a bag from a stick is walking down the sidewalk .,A person is playing football .,contradiction,0,0
5 women sitting around a table doing some crafts .,Five women sit at a table .,entailment,1,1
"Two women , one wearing a scarf and the other wearing a broad brim hat , pound what may be food , on a primitive table with wooden mallets",Two individuals are beating a bread dough on the table .,neutral,2,2
A girl swings high in the air .,A girl is gaining momentum to flip off the swing,neutral,2,2
A man talks on his cellphone in private .,A man is on his cellphone .,entailment,1,1
Several children playing outside,A boy is playing with his Gamecube on the couch .,contradiction,0,0
A group of children walking on a trail .,Children are walking .,entailment,1,1
A man is photographing a small staked camel and a woman is trying to walk past it .,A man and a woman are riding a camel .,contradiction,0,0
A blond man stands next to a cement mixer with mountains in the background .,A man stands outside in front of some mountains .,entailment,1,1
A shopper buys cat food at a Walmart,A homeless person buys cat food for dinner at Walmart .,neutral,2,2
Construction workers walk towards their next job .,The workers are walking outside,entailment,1,1
A person is surfing on a large wave .,A person is surfing .,entailment,1,1
Two young men in unusual clothing are jumping in a gym .,The young men are lying in the sand,contradiction,0,0
A boy on a skateboard ramp .,There is a boy on a ramp,entailment,1,1
Two women are riding motorized bicycles through a street .,Women are trying to drive home .,neutral,2,2
Two girls laying in the grass smile as their picture is taken .,The girls are sisters .,neutral,2,2
Two young men in unusual clothing are jumping in a gym .,Two people are in the gym,entailment,1,1
Two women with badges are watching something .,Two people are looking at something .,entailment,1,1
A group of people play a game in the road .,people playing a game,entailment,1,1
A man in a blue helmet jumping off of a hill on a dirt bike .,The man is a professional athlete .,neutral,2,2
"A man in a green safety jacket and pants stands , facing away , near bags of trash while people stand on the curb across the street .",Nobody has a jacket,contradiction,0,0
A man in a purple suit sings and plays the guitar .,The man playing the guitar is wearing a purple suit .,entailment,1,1
A mountain biker rides up a hill on a red bicycle .,The biker rode up the hill .,entailment,1,1
Two boys are swimming underwater in a pool and a girl is swimming in the background .,There are some kids in this picture,entailment,1,1
A young man is riding a dirt bike while standing up .,The young man standing on the dirt bike is performing a stunt .,neutral,2,2
A busy street scene on a rainy day full of umbrella toting walkers .,A bunch of people holding umbrellas on a rainy day .,entailment,1,1
A woman wearing a white shirt and jeans crosses a rope bridge in a wooded area .,A woman wearing a white shirt and jeans crosses a rope bridge in a wooded area to get to her husband .,neutral,2,2
There are two men standing beside a market of fruits and vegetables .,two men are playing football with each other .,contradiction,0,0
A woman in an orange shirt is enjoying food in a public setting .,the lady in the orange shirt is eating,entailment,1,1
A boy plays in the surf .,The boy is building a tent .,contradiction,0,0
"two wrestlers wrestling , the one on the bottom is in submission and could possibly be in pain .",The good friends eat ice cream together,contradiction,0,0
Woman singing on stage in front of backup dancers,Nobody is singing,contradiction,0,0
A man and woman are drinking at a bar .,A couple is out on a date,neutral,2,2
A blond-haired lady with a gray tank top and jeans is holding her phone while she puts her other hand through her hair while a dark-haired lady walks next to her .,There are two women .,entailment,1,1
A man in a white lab coat is looking through a microscope .,There is a man looking through a scope,entailment,1,1
Woman reading a book in a laundry room,The book is old .,neutral,2,2
A young boy is looking into a silver cellphone while resting his light brown-haired head on top of a resting blond dog 's head .,A funny person looking,neutral,2,2
Football player jumping to catch the ball with an empty stand behind him .,The football player catches the ball .,entailment,1,1
A group of Asian children are gathered around in a circle listening to an older male in a white shirt .,A male is telling some asian kids a story about the lion king,neutral,2,2
An Asian woman stands along a road where 2 buses have passed holding her bags .,There is a Asian woman .,entailment,1,1
"A family holding hands in the snow are behind a man and his son , whom is wearing a blue jacket .",A family enjoy the beach on a summer day .,contradiction,0,0
A shirtless man wearing white shorts .,A man in white shorts is not wearing a shirt .,entailment,1,1
An overweight man in a blue and black hooded sweatshirt works on a laptop computer outdoors .,A heavyset man in a hoodie works in a laptop while outside .,entailment,1,1
A man in a hat is riding a motorized skateboard .,The skateboarder is taking a break by sitting on the bench .,contradiction,0,0
A man in a red shirt entering an establishment .,Lucy was at the library .,contradiction,0,0
Two dogs playing in the snow .,The two dogs are inside sleeping by the fireplace .,contradiction,0,0
"Two women in a embrace of greetings , one of them is holding flowers and they are greeting each other of a kiss .",Two people greeting eachother .,entailment,1,1
A very young child in a red plaid coat and pink winter hat makes a snowball in a large pile of snow .,A child in a red plaid coat and pink winter hat makes a snowball in a large pile of snow .,entailment,1,1
"Several people prepare their stalls that consist of fish , vegetables and fruits for the public eye .",a farmers market is about to open,neutral,2,2
"A male and a female with a black hat , and sunglasses stop and talk .",Similarly dressed couple stops to discuss plans .,neutral,2,2
A motor-cross rider in red splashes through mud and rain with his motorcycle .,A man enjoys the outdoors on a rainy day .,neutral,2,2
A man in a white button-up shirt looks to the side while sitting at a table by the street .,A man is standing by himself outside of an office building .,contradiction,0,0
A man in a plaid shirt and brown pants walking around town with one hand in his pocket .,The man has a white dress shirt on .,contradiction,0,0
Excited children pass their parents on their way from the parking lot .,The children are watching TV at home .,contradiction,0,0
"Three women , two wearing red shirts and one wearing a purple shirt , and a man , wearing a light blue shirt , jump on a basketball court with balls in their hands .",Three people 's are eating in hotel .,contradiction,0,0
A person in a yellow slicker is driving a motorboat next to the beach .,A whale eating a fisherman .,contradiction,0,0
A US Air-force member is handing off a little girl and her toy unicorn to a local citizen .,A marine is dancing with kids and their toys .,contradiction,0,0
People are walking into a store .,The store is closed .,contradiction,0,0
A mom is taking a picture with her two small daughters .,A mom is taking a family photo with her son and two daughters,neutral,2,2
Musicians are performing on stage .,A clown is juggling balls at a circus .,contradiction,0,0
A child poses his head through a hole in a painted wall .,The child is putting his head through a hole in the wall .,entailment,1,1
People shopping at the marketplace .,People are shopping for groceries .,neutral,2,2
Man with dark shirt in work gloves and a helmet that has a yellow flashlight attached .,An rescue worker looking for injured people .,neutral,2,2
City workers in bright yellow and green safety suits haul a stack of traffic cones through the snow and past the tree trunk .,City workers are moving traffic cones through the snow .,entailment,1,1
During this vacation children enjoying their games at the park .,The park is crowded,neutral,2,2
A girl in a white dress dancing in a field .,The girl is wearing white .,entailment,1,1
"A couple dancing alfresco dressed in turquoise tops , the lady is held up in the air with her hands stretched upwards .",Tall people dancing,neutral,2,2
Two teen girls relax on a black futon .,Two young girls are waiting for their mom to get ready .,neutral,2,2
The blond-haired and blue eyed child holds the wooden airplane in his hands .,A child is playing with a toy airplane that was made by his grandfather .,neutral,2,2
A man wearing a horned hat poses for a picture .,A man wearing a horned hat poses for a photograph,entailment,1,1
A man in a dark suit talks with a middle-aged man and woman on a stage in front of a large logo of the letter `` D '' with the numeral five within it .,A couple of people are presenting at a conference .,neutral,2,2
A white dog bounding through snow,A dog running to the master who called him,neutral,2,2
Two guys sitting in a room with green and white curtain .,Two guys are playing golf .,contradiction,0,0
A woman rock-climbs in a rural area .,The woman is in great shape .,neutral,2,2
"A young woman with red hear and wearing a bikini top is standing with her hands together above her head , while three other people stand directly behind her with their arms in different positions , making the woman in front look as if she has many arms .",Some people are holding hands and walking away .,contradiction,0,0
"A firefighter , in full uniform , looks off into the distance .",The firefighter is sleeping inside the firetruck .,contradiction,0,0
"Three people in t-shirt , yellow helmets and harnesses begin to climb ladder .",Three people walk up the stairs .,contradiction,0,0
A girl is standing and another one is sitting by a tree,There are two girls .,entailment,1,1
"Dozens of street performers in fuchsia , red , yellow and black outfits are dancing and singing along a city street .",The people were singing and dancing in a parade .,neutral,2,2
A man is standing next to a bin overflowing with garbage .,The trash has n't been collecting for several days .,neutral,2,2
"A man in a black , white , and red uniform is holding yellow ski poles and racing or preparing to race .",A man prepares for his event in the olympics .,neutral,2,2
Two girls are walking down the street looking at items in the store windows .,Two friends are walking together to there house,neutral,2,2
A man operates a piece of earth-moving equipment near a waterway .,The man is working outside,entailment,1,1
A dog runs through the woods near a cottage .,the dog is sleeping on the ground,contradiction,0,0
a group of people walking down road heading away from the camera .,"Several people walk down the road , backs facing the camera .",entailment,1,1
Man in brown and red checkered button up shirt and blue jeans makes a male and female laugh .,A person in casual clothing is causing two others to be merry .,entailment,1,1
A barefooted adolescent boy in a yellow shirt reaching the top of a small skateboarding ramp .,the boy is five,neutral,2,2
A young girl in her school uniform dances in a water sculpture in the middle of a crowded public square .,The public square is empty .,contradiction,0,0
"There are four US military soldiers in this photo , only two have their faces in the picture , there is a pack of cigarettes by one of their boots , they appear to be fixing a motorcycle .",A motorcyle being fixed by a group of men .,entailment,1,1
A person is walking down a cobblestone street .,The cobblestone street is full of runners .,contradiction,0,0
"A man , wearing yellow , is riding a bike in the woods .",The man was curious to see what was in the woods .,neutral,2,2
A man in a blue helmet jumping off of a hill on a dirt bike .,The man is doing a trick on a bike .,entailment,1,1
A person throwing a yellow ball in the air .,The ball sails through the air,entailment,1,1
A woman in a tan top and jeans is sitting on a bench wearing headphones .,A woman is on vacation .,neutral,2,2
A man in a blue suit reached towards a seated women in an office .,The man is giving the woman her paycheck .,neutral,2,2
an middle eastern man in a white robe is sitting on a wooden bench with his shoes off .,a guy relaxing outdoors,entailment,1,1
Men and women walking down a sidewalk next to a garden .,They are admiring the beautiful flowers in the garden .,neutral,2,2
"Two men , one with a black shirt and the other with a white shirt , are kicking each other without making contact .",Two men are fighting over a girl,neutral,2,2
A woman in a blue dress is sweeping the floor in a cobblestone road,A woman wears a dress while she sweeps .,entailment,1,1
A black dog is running through a snow covered area while holding something green in his mouth .,The dog runs along outdoors,entailment,1,1
"Four people work in a green field , two wearing white and two wearing red , with green bushes and trees in the background .",A group of people are picking cotton .,neutral,2,2
A man and a girl sit inside a floating tube in the water .,Two people sit in a floating tube .,entailment,1,1
A group of people are taking a fun train ride .,People ride the train into the city .,neutral,2,2
A man and woman are sitting at a restaurant table holding hands .,a man and a dog are eating ham,contradiction,0,0
A group of people walk down a pedestrian only street in Asia near large green trees and older brown buildings .,The group of people is sitting under the trees .,contradiction,0,0
A child is jumping off a platform into a pool .,The child is running,contradiction,0,0
A female dancer works on striking a pose .,The woman is in the bathroom .,contradiction,0,0
A kid with his head shaved sitting and holding a lit cigarette .,Child eating a bowl of noodles .,contradiction,0,0
A man and a woman stare at the skyline .,The two people are looking outside .,entailment,1,1
Young man walking dog,The man is walking his cat .,contradiction,0,0
"A young girl with long hair , glasses and a lip ring playing on her iPhone in a brightly lit room .",a girl with long hair,entailment,1,1
A man wearing a black T-shirt and a tan jacket wrapped around his waist pulls a wheeled gray and black bag as he walks next to a building that has large glass windows .,A person walking outside .,entailment,1,1
A football coach guiding one of his players on what he should do .,The player was making too many mistakes .,neutral,2,2
Soldier watches as a train zooms by .,Soldier is doing a crossword as he watches the train .,neutral,2,2
"Two women behind a net check their cellphones , while two men sitting on a curb chat to each other .",The two women checking their cellphones are wives of the two men on the curb .,neutral,2,2
Two men inside a tent are examining the floor .,a woman playing cards,contradiction,0,0
A young man standing on a plank of wood and using a large saw to cut it .,A young man saws wood .,entailment,1,1
"A guy singing on stage with a cool black shirt , while turning his microphone to the audience so they can sing along .",A guy is telling a joke on stage .,contradiction,0,0
A woman in a purple shirt buying food from a street vendor .,A woman makes a purchase from a vendor outside .,entailment,1,1
Woman in light blue knit hat and light blue zippered jacket kneels in front of a bowl of liquid and small bottle .,A woman in a jacket kneels by a bowl and small bottle .,entailment,1,1
Older lady checking out her goods at the check-out counter .,A woman is sitting on her bed .,contradiction,0,0
A young man is holding a small boy who is wearing a backpack in front of a derelict building in a poor country .,A man is touring a city with his son,neutral,2,2
Boy reading book with company of a rolled over dog .,The kid is with his dog .,entailment,1,1
Two ice fishers watch on as a third attempts to cut out a portion of ice with a chainsaw .,Ice fisherman grind their first hole of the day .,neutral,2,2
"Several people standing in front of a pile of snow in front of a house , with one person shoveling .",It snowed outside .,entailment,1,1
"A woman is standing near the water , looks to be throwing something .",A woman is close to the water .,entailment,1,1
The little boy is jumping into a puddle on the street .,The boy is outside .,entailment,1,1
The player from the black team is telling something to the player of the red team .,The two teams are relaxing before the match .,neutral,2,2
A man standing in front of a brick building .,A man is outside .,entailment,1,1
A woman in a pink shirt is holding a hot air balloon with an American flag on it .,A woman is holding a hot air balloon .,entailment,1,1
4 people are lying down stacked on top of one another on a white sheet placed on the ground .,4 people are lying down together on a white sheet .,entailment,1,1
Two Olympic martial arts competitors go after each other in an international martial arts spectacle .,Two people are competing in the Olympics .,entailment,1,1
A man who has a gray beard and gray hair laughs while wearing a purple shirt .,A man is laughing at a woman who has fallen over .,neutral,2,2
"A man with an orange jacket , takes the photo of four women , and a man in a greenish yellow suite .",A man is photographing five people .,entailment,1,1
A farmer gives a tour of his farm to local families,a farmer selling his farm,neutral,2,2
A little boy bowls in a carpeted hallway .,A boy is skipping rope .,contradiction,0,0
A snowboarder jumps high into the air off of a snowy ramp .,Snowboarder tries out a new board off a ramp .,neutral,2,2
Runners are competing on a track in front of a stadium full of people .,There are runners on a track .,entailment,1,1
A man and woman are talking in a party atmosphere with a crowd and purple and blue lights behind them .,A man and woman talk at a party .,entailment,1,1
A man stands on the sidewalk near a lamp post as well as a pillar forming part of an edifice .,The man is tired .,neutral,2,2
A person is surfing on a large wave .,The person is in a surfing competition .,neutral,2,2
Very large group of old people riding in boats down a river .,Mob of elderly riding water crafts .,entailment,1,1
A woman in a black jacket with yellow on the back talking to a man with a black jacket and cameras hanging down from his shoulders and neck .,A man has some cameras .,entailment,1,1
A town worker working on electrical equipment .,The worker is working .,entailment,1,1
A dark-skinned man smoking a cigarette near a green trashcan .,While in the swimming pool the albino boy was cautious of too much sun,contradiction,0,0
Two children in swimming trunks are standing under a water sprinkler while a crowd looks on .,Two brothers play in the water without even noticing the crowd,neutral,2,2
A teenage is on a surfboard .,a teen is catching a big wave,neutral,2,2
Two dogs playing in the snow .,The dogs are playing catch with each other .,neutral,2,2
"Two women behind a net check their cellphones , while two men sitting on a curb chat to each other .","The two women are both asleep , while the two men are driving .",contradiction,0,0
Girl in purple jacket leaning against a wall .,A girl is wearing purple attire .,entailment,1,1
A beautiful woman puts on a look of amazement while she wears native clothing .,a woman is amazed,entailment,1,1
A man walking in front of a black cement wall with a bag on his shoulder .,A man is in outer space .,contradiction,0,0
Group of children listening to security guard .,The children are listening to the guard,entailment,1,1
The surfer crouches low and rides the wave .,The wave is huge .,neutral,2,2
"Three Oklahoma Sooners playing football against another team , one of the sooners with the ball in their possession .",Rival college football players are playing a football game .,neutral,2,2
"A classroom full of men , with the teacher up front .",A group of men are learning English,neutral,2,2
A man in a beige trench coat is walking in the rain .,A man in a blue shirt is sitting in the rain .,contradiction,0,0
A man in a black suit and tie is walking in front of a fancy building with the word grace written on it,"A man walks in front of his new building , with the word grace on it",neutral,2,2
Two women both dressed in white tops and dark-colored shorts are standing in front of some motorcycles on a city street,One woman and one man stand in front of a new car while wearing green sweaters .,contradiction,0,0
A skier slaloms by a red flag .,A skier died by red flag .,contradiction,0,0
"A man in a pink shirt is stealing an old couples bike , the possibility he is a loan shark collecting his dues are high .",The couple looks on as their bike gets stolen .,neutral,2,2
The restaurant employee is preparing sandwiches in the highly decorated kitchen .,An employee is making his lunch before the dinner rush at a nice restaurant .,neutral,2,2
"A man with a black shirt , shorts and a black messenger bag , is listening to a man , sitting with black pants and a white t-shirt , playing the guitar .",Two men are playing the piano .,contradiction,0,0
Street performer with bowler hat and high boots performs outside .,The man is performing a magic act .,neutral,2,2
"This man holds a teddy bear by the nostrils with one hand , and a microphone in the other .",A man is juggling a teddy bear and a microphone in the air,contradiction,0,0
The baseball player wearing the `` Irish '' uniform prepares to throw the ball to his teammate as the umpire watches closely .,Two baseball players practicing with an umpire watching .,entailment,1,1
A woman wearing a black shirt with a cigarette in her right hand is smiling at the camera .,The woman is modeling for a commercial .,neutral,2,2
The woman is holding the hand of the little girl in the red dress with the polka-dotted skirt .,A little girl wearing a red dress holds a woman 's hand .,entailment,1,1
The side of a building next to a church is painted with a brightly colored Coca-Cola sign .,There is a Coca-Cola sign on a building .,entailment,1,1
A man selling donuts to a customer during a world exhibition event held in the city of Angeles,A man selling donuts to a customer during a world exhibition event while people wait in line behind him .,neutral,2,2
This child is feeding a male deer .,A child is sleeping in a bed .,contradiction,0,0
A man with a dark shirt and light shorts is standing next to a person wearing a light shirt on a sidewalk .,two men stand inside a cafe,contradiction,0,0
A guy with long brown curly hair wearing a white t-shirt is looking into the camera with something in his mouth . a,A person with long hair looks at the camera,entailment,1,1
Runners are competing on a track in front of a stadium full of people .,Some runners are competing in the Olympics .,neutral,2,2
A woman in a tan dress is tending to her wares in the market .,A man is making a pizza .,contradiction,0,0
A hiker pokes his head out of a tent high in the mountains .,The hiker is outside .,entailment,1,1
a man with a tattoo on his arm cooking something in a frying pan .,A man cooks food .,entailment,1,1
A white race dog wearing the number eight runs on the track .,A dog is winning the race .,neutral,2,2
The little girl in the sand is handing a ball to one of the two black dogs .,a girl is handing a ball to her pet dog,neutral,2,2
Two bikers a riding along a street in a marathon as the passersby clap for them .,A biker forgets to sign up for the race .,contradiction,0,0
A man wearing a baseball hate is checking his phone,The man is looking at the screen of a cell phone .,entailment,1,1
The woman in the black shirt attempts to find her bike in the midst of the crowded street .,A woman is on a crowded street .,entailment,1,1
An Asian woman in a red skirt sits near the ground with another woman standing next to her .,the asian woman served rice in their restaurant,contradiction,0,0
A man and woman running side by side down a tree-lined street casting long shadows .,A lazy man sits alone on his couch .,contradiction,0,0
"A woman wearing sunglasses , jeans , & a t-shirt walks down the street carrying a bag .",The woman has been shopping earlier that day .,neutral,2,2
A group of kids are playing on a tire swing .,Some kids are playing on a swing at a park .,neutral,2,2
"People in a warehouse , with one man kicking a bag .",A group of dogs chasing a cat .,contradiction,0,0
A group of people on the beach with cameras .,People are standing in a rain forest .,contradiction,0,0
Friends running a race hand in hand .,people running holding hands,entailment,1,1
A woman in a gray shirt working on papers at her desk .,Young lady busy with her work in office,neutral,2,2
A young man shielding himself from a stream of water from a fire engine by using an umbrella .,A fire engine shoots water at a young man with an umbrella .,entailment,1,1
"The small girl is sitting in a harness , strapped to a tether , while others watch .",A little girl is riding a bicycle on a tightrope .,contradiction,0,0
"In autumn , a man holding a box approaches a red truck in a parking lot .",The man is delivering the box to the old lady in the parking lot .,neutral,2,2
The skier is doing a flip through some trees,A skier is doing tricks .,entailment,1,1
on a snowy day a man with a north face jacket walks through the crowded streets past a garbage truck,The garbage man is handing out icicles .,contradiction,0,0
A man in glasses and a striped shirt walks down the street with one hand in his pocket .,A man is riding his bicycle,contradiction,0,0
A woman wearing a red tank top is preparing food while a man and a woman sit on the other side of the kitchen counter watching her .,A woman prepares food while two people sit on the other side,entailment,1,1
Five adults are sitting on stone steps .,There are five grownups sitting on stone steps .,entailment,1,1
A girl and boy are smiling in a green hallway .,A girl and boy are wrestling on the front porch .,contradiction,0,0
A man on a scenic canoe trip .,No one is on a canoe .,contradiction,0,0
"A sunny street with a red building , parked cars , and a man walking down the road .",The sun is reflecting off the windows of the red building .,neutral,2,2
A swimming dog with a small branch in its mouth .,A dog is ice skating .,contradiction,0,0
A little boy is eating a red Popsicle .,Little boy is sleeping .,contradiction,0,0
A young child sits on the floor and leans against a map to eat .,The child is sleeping .,contradiction,0,0
A woman is walking down the street with a brown bookbag on her back .,a woman is walking down the street,entailment,1,1
Two women wearing white bathrobes relax on a couch with their feet kicked up on a coffee table .,two women chat about their day,neutral,2,2
Three women and one man are sitting on a ledge facing away towards a large window .,Some people are sitting on a ledge .,entailment,1,1
Young boy kicks a soccer ball towards the goal as the crowd watches .,The boy is alone in his backyard .,contradiction,0,0
A toddler in a denim hats plays in a tire .,A toddler playing in a tire in a junk yard .,neutral,2,2
A mother pushing a stroller and holding the hand of a toddler .,A mother is walking with a child .,entailment,1,1
Man and woman walking near the ocean .,man and woman walk near water .,entailment,1,1
A man with a blue shirt and glasses points to a picture in a book in front of a little girl and a stack of books .,The man has nothing on his face .,contradiction,0,0
A couple sit on a park bench with purple balloons tied to it .,A couple watching television,contradiction,0,0
A young boy wearing crocs tries to hit yellow golf balls into a large lawn overlooking a town .,The adult was running in the mountains .,contradiction,0,0
There are people at the train station waiting for their trains and other trains are whizzing by them .,The people are waiting for a late train .,neutral,2,2
"A man in a white button up shirt , and a man in a brown button up shirt discussing something over a table of food .",Two men talking business over dinner .,neutral,2,2
A man with a plaid shirt and green hat mows the lawn near the sidewalk .,A man mowing a lawn by the sidewalk .,entailment,1,1
A man in a dark floral shirt and black jeans walks buy a brightly colored wall painted with a woman with bright green eyes .,There is a wall with a green eyed woman painted on it and a man walking past it .,entailment,1,1
Police officer with riot shield stands in front of crowd .,A police officer stands in front of a crowd .,entailment,1,1
Professional women at the registration table of an event while men in suits look on .,People gather for an event .,entailment,1,1
A group of children playing and having a good time .,The kids are together .,entailment,1,1
"A festival displays two men dressed in red makeup and costume , while an older man has cream on his face .",Two men are dressed in makeup,entailment,1,1
An old woman drinking water in a yellow room,An old woman is in a yellow room .,entailment,1,1
A man riding a dirt bike on a racetrack .,A man is riding a dirt bike .,entailment,1,1
A child is jumping off a platform into a pool .,The child is swimming .,entailment,1,1
A man playing a guitar and a man playing drums,Two men playing video games in the basement .,contradiction,0,0
Two children playing on the floor with toy trains .,The girls slept on the floor next to the toys .,contradiction,0,0
Elderly woman with green sweater picking out produce in outdoor market .,The elderly lady is dead in a coffin,contradiction,0,0
Two monks are visiting a big city .,The monks are looking for new recruits .,neutral,2,2
A dog chasing a deer in a field with yellow flowers .,A dog is tearing at the deers ' throat .,contradiction,0,0
A male bartender dressed in all black with his sleeves rolled up to elbow height making a drink in a martini glass .,A person in black,entailment,1,1
A man talks on his cellphone in private .,A man is talking to his wife on his cellphone .,neutral,2,2
An older man with large patches on his jeans looks on as a young man swings an axe downward toward a tree stump .,Two men are outside .,entailment,1,1
A small boy purchases vegetables from an older man .,A boy buys tomatoes and broccoli from a man .,neutral,2,2
a young girl in red lifting a girl in blue to the top of a wall and lighting .,They are trying to reach something high up .,neutral,2,2
A man with a mustache who is wearing white and beige carefully sculpts a sand castle .,A man building a sand castle,entailment,1,1
A man gives a speech at an ornate costume party .,A public speaker is protesting Halloween .,neutral,2,2
People wait in line at bus stop .,People wait for the bus to take them to the concert .,neutral,2,2
A old man sells hardware parts on a dirty sidewalk .,The man is homeless .,neutral,2,2
A goalie braces himself for the ball that 's coming his way .,A goalie in the World Cup .,neutral,2,2
"A boy in jeans , black t-shirt , and blue cap on a bike , leaps over steps .",A child is riding a bike .,entailment,1,1
Two firemen beside their fire engine .,The men are near their old fire engines,neutral,2,2
A guy pointing at a giant Blackberry .,A man pointing to a display he just put up .,neutral,2,2
A man on stage wearing a red shirt is zipping up his pants .,A man on stage wearing a shirt is zipping up his pants .,entailment,1,1
Middle-aged man in casual clothes looking off-camera .,The man is nude .,contradiction,0,0
A woman in a blue and black jacket looking at a sign by railroad tracks .,a woman is waiting for her train,neutral,2,2
A family sits on a bench near a beach .,A family is eating lunch while eating on a bench .,neutral,2,2
A boy in sandals is looking at a camera in a busy street .,"A boy is in a busy street , wearing sandals , looking at a camera",entailment,1,1
A woman holding a red cup with a straw in it sits in front of a man and a woman looking at a book .,A woman sits .,entailment,1,1
There are two shadowy men standing along side a stream that runs through a paved courtyard in front of some stairs .,Two men were waiting for someone to arrive .,neutral,2,2
Several young African Americans giving an outdoor dance performance,A group does tribal dancing at a festival .,neutral,2,2
"There are three men in this picture , two are on motorbikes , one of the men has a large piece of furniture on the back of his bike , the other is about to be handed a piece of paper by a man in a white shirt .",A man is receiving a piece of paper .,entailment,1,1
Two men in a black in red vehicle on the beach .,The vehicle is large .,neutral,2,2
There is a group of three women and one man singing while one of the woman plays a guitar .,Nobody is singing .,contradiction,0,0
A lady in a business suit sits at a desk and types on her keyboard .,the boy liked cowboys,contradiction,0,0
A woman is sitting at a desk near to a window that has a huge picture of a hand painted on it .,A tall person sitting,neutral,2,2
A young boy in a cowboy hat and holding some food sits in the back of a small vehicle while an adult leans over in the background next to a large blue device displaying the words 99 % Angel .,A young boy in a cowboy hat is holding a hamburger .,neutral,2,2
A woman in a blue shirt talking to a baby .,A young woman talks to her baby at the park .,neutral,2,2
A dog runs along the shore of a pond with two elegant geese swimming .,A dog sleeps beneath a tree in the backyard .,contradiction,0,0
a brown and a black dog play in a field,The dogs are sleeping .,contradiction,0,0
A man in a blue shirt and blue jeans rides a dark brown horse with white feet at the rodeo .,the man is black,neutral,2,2
A woman in a blue sweatshirt is shearing the wool off of a lamb .,A woman is wearing a sweatshirt,entailment,1,1
A lady in a black shirt is standing in a crowd with a rolled up piece of paper in her hands .,The lady is standing alone .,contradiction,0,0
A child in winter gear is hiding inside a cave made of snow while it is snowing .,A child in winter gear is hiding from his friends in a cave made of snow .,neutral,2,2
A large elderly woman in a green stripy dress is carrying shopping bags along a cobbled street .,two women drive home,contradiction,0,0
Two Seattle firefighters standing in front of their truck .,the firefighters are women,neutral,2,2
Two female basketball teams watch suspenseful as the basketball nears the basket .,Two teams are waiting to see who will win the game .,neutral,2,2
A man wearing a water pack and shorts on an outdoor trail .,A man is going on a hike .,neutral,2,2
A young Asian woman wearing modern clothing leans against a cast iron fence in front of a brick building .,This lady is waiting for her father .,neutral,2,2
Several children playing outside,There are children playing .,entailment,1,1
The view of a man with a shaved head and blue shirt through a chain-linked fence .,A man with a shaved head behind a chain-linked fence .,entailment,1,1
A woman wearing a hat and a man covering his eyes sit on benches on a boat .,A women and a man are dancing on the boat together .,contradiction,0,0
"Two competitors in the last leg of a race , strong legs , long strides to the end .",The crowd is cheering them on .,neutral,2,2
Four young men sit on the floor close to a television that is showing Elmo from Sesame Street .,Four males are sitting indoors because it 's raining .,neutral,2,2
The back view of a woman in a colorful shirt sitting next to a woman in a black top .,Two women sitting,entailment,1,1
A young boy is on a patio crowded with metal tables and chairs and 2 yellow umbrellas .,A young boy is on a patio with lots of funiture .,entailment,1,1
A couple of peace corp workers are helping a black kid dig .,The peace corp people are helping the black kid dig a hole to find gold .,neutral,2,2
"Many people are in a cafeteria or restaurant , there are two workers wearing white and black who are taking their orders .",A restaurant prepares for a busy day .,neutral,2,2
"Three children , two boys and one girl , are standing behind bars with their mouths open like they are screaming .",The children scream as a monster jumps out,neutral,2,2
Two race car drivers smile on a stage next to a female spokes model wearing a white dress and white and blue boots .,Two race car drivers are waiting for the award ceremony to end,neutral,2,2
Three people are taking a photograph of a young woman sitting in the middle of the street .,Hundreds of squirrels working together to imitate human photographers tap dance for a woman they believe is actually a pile of acorns wearing a wig .,contradiction,0,0
Someone is taking a brown canoe down to the lake .,A person is in the hospital .,contradiction,0,0
"Children with painted red faces being sprayed with water , on grass .",The children are playing a game .,neutral,2,2
Old man with gray blanket on squatting against a wall,Old man squats against a wall .,entailment,1,1
A person in a blue plaid shirt is writing on a chalkboard .,The person is wearing blue jeans .,neutral,2,2
A young dark-haired woman crouches on the banks of a river while washing dishes .,A woman washes dishes .,entailment,1,1
A young girl sits on a blue bench drinking out of a straw .,A girl is drinking through a straw on a humid day .,neutral,2,2
A line of people waiting outside The Magpie cafe during the day .,A man makes a sandwich .,contradiction,0,0
A woman wearing a yellow and white outfit is exiting the vehicle while using city transportation .,A woman in a brightly colored outfit exits the public transportation vehicle .,entailment,1,1
A dog is running through an obstacle course in front of a group of people .,A dog is competing in a contest,neutral,2,2
A lady sitting on a bench that is against a building and under a poster of a man in a uniform waving .,Nobody is sitting,contradiction,0,0
A long-beaked bird in mid-flight .,A rat running on a wheel .,contradiction,0,0
"A young couple sit on the couch , the woman wearing a blue work shirt , her eyes half closed , while the man sits with his arm around her , looking towards the camera , in a gray shirt .",Two brothers sit on the couch,contradiction,0,0
A woman is holding a dog on a leash in front of a small pier .,The woman is swimming laps at the pool,contradiction,0,0
A small girl learning to fold some clothes .,A boy is playing with a toy trick .,contradiction,0,0
This is a man in a photo booth .,A man in a photo booth at a carnival .,neutral,2,2
"A young man is washing his hair , brushing his teeth , and shaving his face simultaneously .",The young man is grooming himself .,entailment,1,1
Two women looking at the camera and a man looking away .,No one is looking at the camera .,contradiction,0,0
A scientist with a checkered shirt on is looking into a microscope to learn more about the world .,A scientist is using a microscope .,entailment,1,1
A man sits beside parked cars on a city street .,A man is sitting .,entailment,1,1
A race car speeding on the track .,A race car is in movement .,entailment,1,1
A small girl is unwrapping a green present with toys strewn around .,It 's Christmas,neutral,2,2
A young child sits on some pillows with a green tray of chopped-up food in front of him .,A young man competes in a tennis championship .,contradiction,0,0
a maintenance worker at the airport carries a small girl .,A girl follows her father through the airport .,contradiction,0,0
A man uses stereo equipment .,He is changing the equalization .,neutral,2,2
